{
  "__inputs": [
    {
      "name": "DS_PROMETHEUS",
      "label": "prometheus",
      "description": "",
      "type": "datasource",
      "pluginId": "prometheus",
      "pluginName": "Prometheus"
    }
  ],
  "__requires": [
    {
      "type": "grafana",
      "id": "grafana",
      "name": "Grafana",
      "version": "4.4.3"
    },
    {
      "type": "panel",
      "id": "graph",
      "name": "Graph",
      "version": ""
    },
    {
      "type": "datasource",
      "id": "prometheus",
      "name": "Prometheus",
      "version": "1.0.0"
    },
    {
      "type": "panel",
      "id": "text",
      "name": "Text",
      "version": ""
    }
  ],
  "annotations": {
    "list": []
  },
  "editable": true,
  "gnetId": null,
  "graphTooltip": 0,
  "hideControls": false,
  "id": null,
  "links": [
    {
      "icon": "info",
      "tags": [],
      "targetBlank": true,
      "title": "Grafana Docs",
      "tooltip": "",
      "type": "link",
      "url": "http://docs.grafana.org/"
    },
    {
      "icon": "info",
      "tags": [],
      "targetBlank": true,
      "title": "Prometheus Docs",
      "type": "link",
      "url": "http://prometheus.io/docs/introduction/overview/"
    }
  ],
  "refresh": "1s",
  "revision": "1.0",
  "rows": [
    {
      "collapse": false,
      "height": -5,
      "panels": [
        {
          "content": "<img src=\"public/app/plugins/datasource/prometheus/img/prometheus_logo.svg\" alt=\"Prometheus logo\" style=\"height: 40px;\">\n<span style=\"font-family: 'Open Sans', 'Helvetica Neue', Helvetica; font-size: 25px;vertical-align: text-top;color: #bbbfc2;margin-left: 10px;\">Prometheus</span>\n\n<p style=\"margin-top: 10px;\">You're using Prometheus, an open-source systems monitoring and alerting toolkit originally built at SoundCloud. For more information, check out the <a href=\"https://grafana.com/\">Grafana</a> and <a href=\"http://prometheus.io/\">Prometheus</a> projects.</p>",
          "editable": true,
          "error": false,
          "id": 9,
          "links": [],
          "mode": "html",
          "span": 12,
          "style": {},
          "title": "",
          "transparent": true,
          "type": "text"
        }
      ],
      "repeat": null,
      "repeatIteration": null,
      "repeatRowId": null,
      "showTitle": false,
      "title": "New row",
      "titleSize": "h6"
    },
    {
      "collapse": false,
      "height": 221,
      "panels": [
        {
          "aliasColors": {},
          "bars": false,
          "dashLength": 10,
          "dashes": false,
          "datasource": "${DS_PROMETHEUS}",
          "fill": 1,
          "id": 19,
          "legend": {
            "avg": false,
            "current": false,
            "max": false,
            "min": false,
            "show": true,
            "total": false,
            "values": false
          },
          "lines": true,
          "linewidth": 1,
          "links": [],
          "nullPointMode": "null",
          "percentage": false,
          "pointradius": 5,
          "points": false,
          "renderer": "flot",
          "seriesOverrides": [],
          "spaceLength": 10,
          "span": 12,
          "stack": false,
          "steppedLine": false,
          "targets": [
            {
              "expr": "uptime",
              "format": "time_series",
              "interval": "1s",
              "intervalFactor": 10,
              "legendFormat": "{{instance}} :serverName={{name}} ",
              "metric": "",
              "refId": "A",
              "step": 10
            }
          ],
          "thresholds": [],
          "timeFrom": null,
          "timeShift": null,
          "title": "Servers Up Time",
          "tooltip": {
            "shared": true,
            "sort": 0,
            "value_type": "individual"
          },
          "type": "graph",
          "xaxis": {
            "buckets": null,
            "mode": "time",
            "name": null,
            "show": true,
            "values": []
          },
          "yaxes": [
            {
              "format": "ms",
              "label": null,
              "logBase": 1,
              "max": null,
              "min": null,
              "show": true
            },
            {
              "format": "short",
              "label": null,
              "logBase": 1,
              "max": null,
              "min": null,
              "show": true
            }
          ]
        }
      ],
      "repeat": null,
      "repeatIteration": null,
      "repeatRowId": null,
      "showTitle": true,
      "title": "Dashboard Row",
      "titleSize": "h5"
    },
    {
      "collapse": false,
      "height": 238,
      "panels": [
        {
          "aliasColors": {},
          "bars": false,
          "dashLength": 10,
          "dashes": false,
          "datasource": "${DS_PROMETHEUS}",
          "fill": 1,
          "id": 21,
          "legend": {
            "avg": false,
            "current": false,
            "max": false,
            "min": false,
            "show": true,
            "total": false,
            "values": false
          },
          "lines": true,
          "linewidth": 1,
          "links": [],
          "nullPointMode": "null",
          "percentage": false,
          "pointradius": 5,
          "points": false,
          "renderer": "flot",
          "seriesOverrides": [],
          "spaceLength": 10,
          "span": 12,
          "stack": false,
          "steppedLine": false,
          "targets": [
            {
              "expr": "webapp_config_open_sessions_current_count{webapp=~\"OpenSessionApp|MemoryLoadApp\"} ",
              "format": "time_series",
              "intervalFactor": 2,
              "legendFormat": "{{instance}} :appName={{webapp}} : serverName={{pod_name}}",
              "refId": "A",
              "step": 2
            }
          ],
          "thresholds": [],
          "timeFrom": null,
          "timeShift": null,
          "title": "Open Sessions Current Count",
          "tooltip": {
            "shared": true,
            "sort": 0,
            "value_type": "individual"
          },
          "type": "graph",
          "xaxis": {
            "buckets": null,
            "mode": "time",
            "name": null,
            "show": true,
            "values": []
          },
          "yaxes": [
            {
              "format": "short",
              "label": null,
              "logBase": 1,
              "max": null,
              "min": null,
              "show": true
            },
            {
              "format": "short",
              "label": null,
              "logBase": 1,
              "max": null,
              "min": null,
              "show": true
            }
          ]
        }
      ],
      "repeat": null,
      "repeatIteration": null,
      "repeatRowId": null,
      "showTitle": false,
      "title": "Dashboard Row",
      "titleSize": "h6"
    },
    {
      "collapse": false,
      "height": 250,
      "panels": [
        {
          "aliasColors": {},
          "bars": false,
          "dashLength": 10,
          "dashes": false,
          "datasource": "${DS_PROMETHEUS}",
          "fill": 1,
          "id": 25,
          "legend": {
            "avg": false,
            "current": false,
            "max": false,
            "min": false,
            "show": true,
            "total": false,
            "values": false
          },
          "lines": true,
          "linewidth": 1,
          "links": [],
          "nullPointMode": "null",
          "percentage": false,
          "pointradius": 5,
          "points": false,
          "renderer": "flot",
          "seriesOverrides": [],
          "spaceLength": 10,
          "span": 12,
          "stack": false,
          "steppedLine": false,
          "targets": [
            {
              "expr": "heap_size_current - heap_free_current",
              "format": "time_series",
              "intervalFactor": 2,
              "legendFormat": "{{instance}}  : serverName={{pod_name}}",
              "metric": "heap_free_current",
              "refId": "A",
              "step": 2
            }
          ],
          "thresholds": [],
          "timeFrom": null,
          "timeShift": null,
          "title": "Used Heap Current Size (Heap Current Size - Heap Free Size)",
          "tooltip": {
            "shared": true,
            "sort": 0,
            "value_type": "individual"
          },
          "type": "graph",
          "xaxis": {
            "buckets": null,
            "mode": "time",
            "name": null,
            "show": true,
            "values": []
          },
          "yaxes": [
            {
              "format": "decbytes",
              "label": null,
              "logBase": 1,
              "max": null,
              "min": null,
              "show": true
            },
            {
              "format": "short",
              "label": null,
              "logBase": 1,
              "max": null,
              "min": null,
              "show": true
            }
          ]
        }
      ],
      "repeat": null,
      "repeatIteration": null,
      "repeatRowId": null,
      "showTitle": false,
      "title": "Dashboard Row",
      "titleSize": "h6"
    }
  ],
  "schemaVersion": 14,
  "style": "dark",
  "tags": [
    "prometheus"
  ],
  "templating": {
    "list": []
  },
  "time": {
    "from": "now-30m",
    "to": "now"
  },
  "timepicker": {
    "now": true,
    "nowDelay": "1m",
    "refresh_intervals": [
      "1s"
    ],
    "time_options": [
      "5m",
      "15m",
      "1h",
      "6h",
      "12h",
      "24h",
      "2d",
      "7d",
      "30d"
    ]
  },
  "timezone": "browser",
  "title": "WLS_Prometheus",
  "version": 12
}
