{ "resources": {
    "myCluster": {
	    "url": "clusters",
	    "data": {
                  "migrationBasis": "database",
		  "clusterMessagingMode": "unicast",
		  "name": "myCluster"
		}
    },

    "ds1": {
	    "url": "JDBCSystemResources",
	    "data": {
		  "targets":[{
		              "identity":["clusters", "myCluster"]
		            }],
		  "descriptorFileName": "jdbc/ds1-jdbc.xml",
		  "name": "ds1"
		}
    },

    "updateCluster": {
	    "url": "clusters/myCluster",
	    "data": {
		  "dataSourceForAutomaticMigration": ["JDBCSystemResources", "ds1"]
		}
    },

    "managed-server-0": {
	    "url": "servers",
	    "data": {
		  "listenPort": 8011,
		  "listenAddress": "managed-server-0.wls-subdomain.default.svc.cluster.local",
		  "cluster": ["clusters", "myCluster"],
		  "name": "managed-server-0"
		}
    },
  
    "managed-server-1": {
	    "url": "servers",
	    "data": {
		  "listenPort": 8011,
		  "listenAddress": "managed-server-1.wls-subdomain.default.svc.cluster.local",
		  "cluster": ["clusters", "myCluster"],
		  "name": "managed-server-1"
		}
    },

    "managed-server-2": {
	    "url": "servers",
	    "data": {
		  "listenPort": 8011,
		  "listenAddress": "managed-server-2.wls-subdomain.default.svc.cluster.local",
		  "cluster": ["clusters", "myCluster"],
		  "name": "managed-server-2"
		}
    },

    "managed-server-3": {
	    "url": "servers",
	    "data": {
		  "listenPort": 8011,
		  "listenAddress": "managed-server-3.wls-subdomain.default.svc.cluster.local",
		  "cluster": ["clusters", "myCluster"],
		  "name": "managed-server-3"
		}
    }

}}

