{ "resources": {
    "myCluster": {
	    "url": "clusters",
	    "data": {
		  "clusterMessagingMode": "unicast",
		  "name": "myCluster"
		}
    },

    "managed-server-0": {
	    "url": "servers",
	    "data": {
		  "listenPort": 8011,
		  "listenAddress": "managed-server-0.wls-subdomain.default.svc.cluster.local",
		  "cluster": ["clusters", "myCluster"],
		  "name": "managed-server-0"
		}
    },
  
    "managed-server-1": {
	    "url": "servers",
	    "data": {
		  "listenPort": 8011,
		  "listenAddress": "managed-server-1.wls-subdomain.default.svc.cluster.local",
		  "cluster": ["clusters", "myCluster"],
		  "name": "managed-server-1"
		}
    },

    "managed-server-2": {
	    "url": "servers",
	    "data": {
		  "listenPort": 8011,
		  "listenAddress": "managed-server-2.wls-subdomain.default.svc.cluster.local",
		  "cluster": ["clusters", "myCluster"],
		  "name": "managed-server-2"
		}
    },

    "managed-server-3": {
	    "url": "servers",
	    "data": {
		  "listenPort": 8011,
		  "listenAddress": "managed-server-3.wls-subdomain.default.svc.cluster.local",
		  "cluster": ["clusters", "myCluster"],
		  "name": "managed-server-3"
		}
    }

}}

